,X1,X2,X3,X4,X5,X6,X7,X8,avg1,date_txt,yr,mon,day,date,avg_sm,avg_sm2,r0_t,r0_t_sm
1,0.006032535,0.005200338,0.005053954,0.005264885,0.005556893,0.006005617,0.006208668,0.006514936,0.005729728,20200614,2020,6,0,6/14/2020,0.01044,0.01044,2.950516031,NA
2,0.006727062,0.00706272,0.006967437,0.005807673,0.006173892,0.006650762,0.006851317,0.007262862,0.006687966,20200615,2020,6,1,6/15/2020,0.01044,0.01044,2.764334934,NA
3,0.00745183,0.007513541,0.007383615,0.007134811,0.007054217,0.006912006,0.006904819,0.007335346,0.007211273,20200616,2020,6,2,6/16/2020,0.01044,0.01044,2.678546916,NA
4,0.007693129,0.007742053,0.007828984,0.007696965,0.007501587,0.007563379,0.008454383,0.009294106,0.007971823,20200617,2020,6,3,6/17/2020,0.01044,0.01044,2.570736961,NA
5,0.010501167,0.01193333,0.012160905,0.011888711,0.011707955,0.012200192,0.012520724,0.012111776,0.011878095,20200618,2020,6,4,6/18/2020,0.01044,0.01044,2.234686754,NA
6,0.012349315,0.01248411,0.013141314,0.013075756,0.012013976,0.011052342,0.010969519,0.011510374,0.012074588,20200619,2020,6,5,6/19/2020,0.01044,0.01044,2.224426762,NA
7,0.01242801,0.012347221,0.012092272,0.012066847,0.012073888,0.01210307,0.012378247,0.012734849,0.01227805,20200620,2020,6,6,6/20/2020,0.01044,0.01044,2.21427533,NA
8,0.013375669,0.013099213,0.01253822,0.012502124,0.013002207,0.012583327,0.01257758,0.01292117,0.012824939,20200621,2020,6,7,6/21/2020,0.01044,0.01044,2.189207573,NA
9,0.013316987,0.013561556,0.013413837,0.013114979,0.012569858,0.011795564,0.011946907,0.012882398,0.012825261,20200622,2020,6,8,6/22/2020,0.01044,0.01044,2.189193718,NA
10,0.013775009,0.01351361,0.013316764,0.013752606,0.013837629,0.013839021,0.014195336,0.013336237,0.013695776,20200623,2020,6,9,6/23/2020,0.01044,0.01044,2.15520225,NA
11,0.014170227,0.014763162,0.015231722,0.015818885,0.015970377,0.012419612,0.008755162,0.008430016,0.013194895,20200624,2020,6,10,6/24/2020,0.01044,0.01044,2.173934628,NA
12,0.008924938,0.010148128,0.010505259,0.009762784,0.00796154,0.007162717,0.007996968,0.009245364,0.008963462,20200625,2020,6,11,6/25/2020,0.01044,0.01044,2.455470351,NA
13,0.010358605,0.011186134,0.011282108,0.010399085,0.009575152,0.008562992,0.00784825,0.007766871,0.0096224,20200626,2020,6,12,6/26/2020,0.01044,0.01044,2.392062922,NA
14,0.008100639,0.009213553,0.010323221,0.01091813,0.010673149,0.011497383,0.01393569,0.014742872,0.01117558,20200627,2020,6,13,6/27/2020,0.010438131,0.010438131,2.275358507,2.390568117
15,0.015198403,0.014952593,0.014837362,0.014687214,0.013722275,0.012020001,0.01203652,0.012456148,0.013738815,20200628,2020,6,14,6/28/2020,0.011010209,0.011010209,2.153690055,2.333651976
16,0.014267968,0.014891171,0.013255105,0.012057245,0.012559658,0.011530409,0.011299857,0.010920249,0.012597708,20200629,2020,6,15,6/29/2020,0.011432333,0.011432333,2.199245902,2.293288474
17,0.011382596,0.011616254,0.011245889,0.01138233,0.011530652,0.01086943,0.010822995,0.011023175,0.011234165,20200630,2020,6,16,6/30/2020,0.011719683,0.011719683,2.27171282,2.264228895
18,0.011582449,0.011971369,0.012179242,0.012267395,0.012256238,0.011164499,0.011110332,0.011412357,0.011742985,20200701,2020,7,17,7/1/2020,0.011989051,0.011989051,2.242012441,2.240748572
19,0.012000901,0.01251368,0.012437511,0.012084831,0.012210725,0.011217938,0.010996427,0.010825233,0.011785906,20200702,2020,7,18,7/2/2020,0.011982466,0.011982466,2.239660827,2.241103863
20,0.012233133,0.013152251,0.012188459,0.013087735,0.013704672,0.011915828,0.012654285,0.014915071,0.012981429,20200703,2020,7,19,7/3/2020,0.012047241,0.012047241,2.182589976,2.238115521
21,0.015284211,0.0149692,0.013645384,0.01161167,0.011702977,0.011718819,0.010585529,0.010588926,0.01251334,20200704,2020,7,20,7/4/2020,0.012064047,0.012064047,2.203107116,2.237317792
22,0.011519584,0.012793794,0.012888025,0.013384559,0.014003593,0.011080132,0.009084344,0.009586432,0.011792558,20200705,2020,7,21,7/5/2020,0.011990306,0.011990306,2.23929841,2.240895709
23,0.01055785,0.011465121,0.011582095,0.011597389,0.011105916,0.009183801,0.008943303,0.010810785,0.010655783,20200706,2020,7,22,7/6/2020,0.011835343,0.011835343,2.309924191,2.249519314
24,0.013978741,0.013014447,0.01309,0.012985367,0.013400443,0.01311391,0.013299544,0.013944946,0.013353425,20200707,2020,7,23,7/7/2020,0.011810889,0.011810889,2.167773368,2.250417251
25,0.015044415,0.015706884,0.015904784,0.014832028,0.01500083,0.014576121,0.015275272,0.016052501,0.015299105,20200708,2020,7,24,7/8/2020,0.01196119,0.01196119,2.107767052,2.245690996
26,0.015580568,0.014656593,0.014619201,0.01452421,0.014390525,0.013253282,0.013527257,0.013417792,0.014246179,20200709,2020,7,25,7/9/2020,0.012338527,0.012338527,2.136935854,2.222938532
27,0.013404555,0.015097633,0.015769137,0.015730906,0.015628804,0.01615773,0.0163523,0.017021852,0.015645364,20200710,2020,7,26,7/10/2020,0.012768739,0.012768739,2.099603554,2.202048577
28,0.017137304,0.016961612,0.016762679,0.015587039,0.016516797,0.016760854,0.017028272,0.017325936,0.016760062,20200711,2020,7,27,7/11/2020,0.01316763,0.01316763,2.077293063,2.187901045
29,0.017615642,0.016074225,0.014831332,0.01369515,0.013194988,0.012465918,0.011148635,0.011092234,0.013764766,20200712,2020,7,28,7/12/2020,0.013169484,0.013169484,2.152785363,2.187836424
30,0.012523309,0.012904434,0.013426688,0.013092598,0.012707767,0.01227521,0.012107291,0.011591744,0.01257863,20200713,2020,7,29,7/13/2020,0.013168121,0.013168121,2.200112537,2.187898327
31,0.010640365,0.010374159,0.011103486,0.011363572,0.011022674,0.010357704,0.010535864,0.010700111,0.010762242,20200714,2020,7,30,7/14/2020,0.013134412,0.013134412,2.302508157,2.190097993
32,0.010663746,0.011003483,0.01108049,0.011529041,0.012253221,0.011462499,0.011190372,0.011616116,0.011349871,20200715,2020,7,31,7/15/2020,0.013106333,0.013106333,2.264653807,2.191715234
33,0.011948789,0.011778973,0.011830057,0.011486805,0.010620749,0.010067794,0.010309719,0.010357998,0.011050111,20200716,2020,7,32,7/16/2020,0.013053776,0.013053776,2.283331643,2.194834578
34,0.010142903,0.010653405,0.011174227,0.011826149,0.012829562,0.014497882,0.015442367,0.015877349,0.01280548,20200717,2020,7,33,7/17/2020,0.013041208,0.013041208,2.190047009,2.195367223
35,0.016083969,0.01461146,0.013095724,0.012348061,0.011570535,0.010115313,0.008463257,0.009045689,0.011916751,20200718,2020,7,34,7/18/2020,0.012998595,0.012998595,2.232631896,2.197476136
36,0.010335277,0.011664475,0.011876226,0.010562287,0.010282482,0.0103233,0.011688062,0.013192071,0.011240522,20200719,2020,7,35,7/19/2020,0.012959164,0.012959164,2.27132012,2.199763401
37,0.014303662,0.014468404,0.017073289,0.017813781,0.016660245,0.015889673,0.014134554,0.012639138,0.015372843,20200720,2020,7,36,7/20/2020,0.013296096,0.013296096,2.105974278,2.18519555
38,0.011276277,0.010773657,0.01124406,0.012601295,0.012733413,0.010908543,0.010275849,0.010725241,0.011317292,20200721,2020,7,37,7/21/2020,0.013150658,0.013150658,2.266622638,2.192256212
39,0.011657045,0.012504789,0.012899164,0.013482043,0.014230032,0.013858465,0.014232801,0.015622105,0.013560806,20200722,2020,7,38,7/22/2020,0.013026494,0.013026494,2.160041791,2.195990122
40,0.017346257,0.017376605,0.015229808,0.015028465,0.01544796,0.015467433,0.01486595,0.01552121,0.015785461,20200723,2020,7,39,7/23/2020,0.013136443,0.013136443,2.096479047,2.19310035
41,0.015813753,0.015651908,0.015416763,0.01323969,0.012464528,0.014096522,0.013871505,0.013539246,0.014261739,20200724,2020,7,40,7/24/2020,0.013037613,0.013037613,2.136451952,2.195732379
42,0.012982395,0.013081732,0.013082061,0.012617151,0.01188772,0.010836935,0.011465071,0.012668615,0.01232771,20200725,2020,7,41,7/25/2020,0.012721016,0.012721016,2.211868169,2.205344886
43,0.013350653,0.013693687,0.013226718,0.013365106,0.013302526,0.012000722,0.011916911,0.011984971,0.012855162,20200726,2020,7,42,7/26/2020,0.012656044,0.012656044,2.187911102,2.207853868
44,0.011436866,0.010954587,0.010586086,0.010494532,0.011157509,0.011129421,0.012433385,0.014571123,0.011595438,20200727,2020,7,43,7/27/2020,0.012585816,0.012585816,2.25027392,2.211436824
45,0.014644536,0.012936365,0.012404653,0.012485468,0.013088386,0.013610603,0.013490299,0.013055857,0.013214521,20200728,2020,7,44,7/28/2020,0.012760979,0.012760979,2.173159779,2.202197654
46,0.013243555,0.013504783,0.012629904,0.010923628,0.011452893,0.010930179,0.010920042,0.011631264,0.011904531,20200729,2020,7,45,7/29/2020,0.012800598,0.012800598,2.233279536,2.199956634
47,0.012902457,0.010848518,0.008168585,0.008531372,0.01148507,0.012085713,0.011039101,0.010473493,0.010691788,20200730,2020,7,46,7/30/2020,0.012775003,0.012775003,2.307395867,2.201675508
48,0.010519605,0.011432193,0.012387303,0.01183416,0.011839475,0.012452094,0.012687033,0.012916981,0.012008606,20200731,2020,7,47,7/31/2020,0.012718084,0.012718084,2.227821053,2.204373654
49,0.012802886,0.013464664,0.012205277,0.01162162,0.011858471,0.010056816,0.010059053,0.010784163,0.011606619,20200801,2020,8,48,8/1/2020,0.012695931,0.012695931,2.249638159,2.205588387
50,0.012007582,0.012316483,0.014128148,0.014738529,0.014952046,0.016075851,0.017059004,0.017585976,0.014857952,20200802,2020,8,49,8/2/2020,0.012954319,0.012954319,2.119144148,2.194718674
51,0.017096275,0.0154441,0.015308974,0.011261234,0.011600637,0.010276758,0.009872095,0.010409339,0.012658677,20200803,2020,8,50,8/3/2020,0.01276045,0.01276045,2.196501354,2.201184894
52,0.012264392,0.014660828,0.014421023,0.012929427,0.013985827,0.016137499,0.017427042,0.015672423,0.014687308,20200804,2020,8,51,8/4/2020,0.013001166,0.013001166,2.123860475,2.190987597
53,0.013967561,0.014055547,0.01456734,0.014178636,0.012794983,0.011440746,0.010746365,0.010505486,0.012782083,20200805,2020,8,52,8/5/2020,0.012945542,0.012945542,2.191061313,2.193203277
54,0.009779838,0.008282664,0.00775974,0.007681843,0.008894173,0.009141548,0.009603169,0.010295496,0.008929809,20200806,2020,8,53,8/6/2020,0.012455853,0.012455853,2.458970859,2.219095549
55,0.010320072,0.010015912,0.00972982,0.009456974,0.009034961,0.010454962,0.012233776,0.013292369,0.010567356,20200807,2020,8,54,8/7/2020,0.012191968,0.012191968,2.316222089,2.231936273
56,0.013185637,0.012473953,0.012332135,0.013346929,0.013816356,0.012374605,0.011941829,0.012458446,0.012741236,20200808,2020,8,55,8/8/2020,0.012221506,0.012221506,2.192845052,2.230577479
57,0.013095364,0.01327429,0.013487251,0.013708206,0.013651147,0.012300444,0.012300532,0.012292945,0.013013772,20200809,2020,8,56,8/9/2020,0.012232835,0.012232835,2.1812514,2.230101786
58,0.013369918,0.013968531,0.014357617,0.013503669,0.01305452,0.011627642,0.012093238,0.012859804,0.013104367,20200810,2020,8,57,8/10/2020,0.012340616,0.012340616,2.177553987,2.224907505
59,0.013650376,0.014483497,0.015024886,0.014387701,0.015351617,0.014050506,0.013829012,0.015227082,0.014500585,20200811,2020,8,58,8/11/2020,0.012432478,0.012432478,2.129235359,2.221770047
60,0.016144482,0.016348343,0.016269758,0.015854094,0.015511915,0.014268623,0.013847918,0.014659688,0.015363103,20200812,2020,8,59,8/12/2020,0.012679519,0.012679519,2.106209373,2.212693606
61,0.014796747,0.01412757,0.012669584,0.012511598,0.01339916,0.01336192,0.013951138,0.013561837,0.013547444,20200813,2020,8,60,8/13/2020,0.012883494,0.012883494,2.160529011,2.202203117
62,0.013199635,0.012956723,0.013072425,0.013089002,0.012560285,0.011690566,0.009840466,0.009503635,0.011989092,20200814,2020,8,61,8/14/2020,0.0128821,0.0128821,2.228834674,2.202275518
63,0.009917981,0.01018465,0.009326095,0.007614589,0.009120636,0.009060255,0.008810188,0.009648792,0.009210398,20200815,2020,8,62,8/15/2020,0.012710942,0.012710942,2.430588406,2.215200536
64,0.011355816,0.011315474,0.01097582,0.01119657,0.011236021,0.012068273,0.012409603,0.012225499,0.011597885,20200816,2020,8,63,8/16/2020,0.01247808,0.01247808,2.250134676,2.224557002
65,0.012080565,0.011397528,0.010252103,0.00932927,0.009716732,0.010146717,0.011063338,0.01218562,0.010771484,20200817,2020,8,64,8/17/2020,0.01234328,0.01234328,2.301872762,2.232083531
66,0.01329093,0.013835067,0.013362911,0.010575661,0.009503936,0.00894688,0.008831895,0.008806037,0.010894165,20200818,2020,8,65,8/18/2020,0.012072341,0.012072341,2.29356404,2.244205214
67,0.008965613,0.009340245,0.009928226,0.009930638,0.009664163,0.010386529,0.011185129,0.010868977,0.01003369,20200819,2020,8,66,8/19/2020,0.011876028,0.011876028,2.357042114,2.256060986
68,0.010038576,0.008418319,0.007288919,0.007097607,0.007469004,0.006658188,0.005828816,0.005730759,0.007316274,20200820,2020,8,67,8/20/2020,0.011760775,0.011760775,2.66253012,2.270600933
69,0.006249345,0.007866403,0.009579956,0.010268851,0.01016337,0.01070796,0.010616515,0.010955762,0.00955102,20200821,2020,8,68,8/21/2020,0.01168818,0.01168818,2.398481529,2.276476607
70,0.011348674,0.012627211,0.013259972,0.013372939,0.013201317,0.011695531,0.010693675,0.011125623,0.012165618,20200822,2020,8,69,8/22/2020,0.011647064,0.011647064,2.219826853,2.278403879
71,0.012601054,0.013779663,0.013464422,0.012664886,0.012740127,0.012521283,0.012116428,0.012470881,0.012794843,20200823,2020,8,70,8/23/2020,0.011631426,0.011631426,2.190507484,2.279065028
72,0.013238052,0.014424566,0.0150321,0.014206198,0.013296396,0.012724532,0.012435921,0.012753938,0.013513963,20200824,2020,8,71,8/24/2020,0.011660683,0.011660683,2.161756432,2.277936631
73,0.012906931,0.012761146,0.013693368,0.014245489,0.01403931,0.012765862,0.012625219,0.012544655,0.013197748,20200825,2020,8,72,8/25/2020,0.011567623,0.011567623,2.173821809,2.281121377
74,0.011919419,0.008689643,0.009008211,0.008404988,0.007261739,0.005764223,0.005037909,0.005342775,0.007678613,20200826,2020,8,73,8/26/2020,0.011018731,0.011018731,2.610106608,2.317114037
75,0.006107642,0.007505796,0.009314366,0.01000691,0.010560559,0.012853647,0.01296127,0.012909542,0.010277466,20200827,2020,8,74,8/27/2020,0.010785161,0.010785161,2.337779945,2.329774818
76,0.013811154,0.014306083,0.01493987,0.014783185,0.013798517,0.012129263,0.01040101,0.009924497,0.013011697,20200828,2020,8,75,8/28/2020,0.010858205,0.010858205,2.181336987,2.326382126
77,0.013035167,0.016715495,0.016242074,0.015819466,0.016160084,0.016380228,0.017080745,0.015520447,0.015869213,20200829,2020,8,76,8/29/2020,0.011333834,0.011333834,2.094658176,2.30238711
78,0.015754215,0.015507241,0.01095659,0.008954118,0.009344852,0.008745473,0.008301064,0.007865801,0.010678669,20200830,2020,8,77,8/30/2020,0.011268176,0.011268176,2.308314697,2.306542825
79,0.007434244,0.007172324,0.006848764,0.006851087,0.007494864,0.007714964,0.007782872,0.008303634,0.007450344,20200831,2020,8,78,8/31/2020,0.011030952,0.011030952,2.642627314,2.330882436
80,0.00708218,0.007008126,0.007421874,0.007776894,0.008434396,0.007839013,0.006969885,0.006253773,0.007348268,20201001,2020,10,79,10/1/2020,0.010777673,0.011030952,2.657725311,2.356893955
81,0.005677441,0.005092948,0.004848827,0.004714175,0.005441818,0.005885008,0.005399399,0.005569701,0.005328665,20201002,2020,10,80,10/2/2020,0.0104416,0.012760979,3.041322738,2.405771143
82,0.005215335,0.005035347,0.005672071,0.006190303,0.006093004,0.005393878,0.004528292,0.004383132,0.00531392,20201003,2020,10,81,10/3/2020,0.010298575,0.012800598,3.044821595,2.433077677
83,0.00442879,0.004494971,0.004614554,0.0049498,0.005244038,0.00514044,0.005041898,0.005259773,0.004896783,20201004,2020,10,82,10/4/2020,0.009966129,0.012775003,3.148830928,2.486674062
84,0.005863056,0.007339789,0.007748254,0.008181642,0.008532838,0.007273167,0.006807541,0.006872751,0.00732738,20201005,2020,10,83,10/5/2020,0.009620541,0.012882394,2.660858254,2.518176305
85,0.007461245,0.008366245,0.008678198,0.008765575,0.008605808,0.007361208,0.006494681,0.006028589,0.007720193,20201006,2020,10,84,10/6/2020,0.009258066,0.012998595,2.604362529,2.54773738
86,0.006145936,0.007247579,0.007940837,0.008450907,0.007825199,0.007149439,0.007786513,0.008473197,0.007627451,20201007,2020,10,85,10/7/2020,0.008837601,0.012959164,2.617249421,2.580272594
87,0.007091287,0.005843983,0.005815305,0.005797622,0.005435586,0.004771402,0.004551768,0.004138329,0.00543066,20201008,2020,10,86,10/8/2020,0.008282809,0.013296096,3.017438109,2.640530901
88,0.004022488,0.004292023,0.004614573,0.004971866,0.005362556,0.005705214,0.005777942,0.005901705,0.005081046,20201009,2020,10,87,10/9/2020,0.008097268,0.013150658,3.101667636,2.675642403
89,0.005671882,0.004867207,0.005149762,0.006381918,0.007555785,0.008697952,0.009656031,0.009927075,0.007238451,20201010,2020,10,88,10/10/2020,0.007880196,0.013026494,2.674364349,2.699684146
90,0.010041938,0.010748727,0.010582066,0.009291782,0.008010687,0.006313156,0.005547218,0.00548192,0.008252187,20201011,2020,10,89,10/11/2020,0.007540231,0.013136443,2.535470464,2.724979394
91,0.006384769,0.007204921,0.006528246,0.005944042,0.005940285,0.006122751,0.006112239,0.006100686,0.006292242,20201012,2020,10,90,10/12/2020,0.006856161,0.013106333,2.836338268,2.777956544
92,0.006727737,0.00770022,0.008148042,0.008526266,0.008315784,0.008954881,0.009415511,0.009168247,0.008369586,20201013,2020,10,91,10/13/2020,0.006691227,0.013053776,2.521358258,2.793173941
93,0.008616554,0.007779595,0.005936429,0.005785488,0.005852449,0.005442023,0.005058262,0.005474132,0.006243116,20201014,2020,10,92,10/14/2020,0.006604996,0.013041208,2.845737714,2.807681827
94,0.005404444,0.004795228,0.00523994,0.005869281,0.006690237,0.008011039,0.007234406,0.008115641,0.006420027,20201015,2020,10,93,10/15/2020,0.006538693,0.012998595,2.812375051,2.818728237
95,0.009369996,0.011071723,0.011844733,0.011834845,0.011149679,0.008164522,0.00689464,0.006781868,0.009639001,20201016,2020,10,94,10/16/2020,0.006846575,0.012959164,2.39058498,2.772246968
96,0.006248823,0.005889669,0.005189364,0.004489262,0.003985464,0.003976865,0.003242815,0.002943101,0.00449567,20201017,2020,10,95,10/17/2020,0.006788128,0.013296096,3.258597447,2.787516672
97,0.002610226,0.00261887,0.002818789,0.003152319,0.003694423,0.004855465,0.005467265,0.005571707,0.003848633,20201018,2020,10,96,10/18/2020,0.00671326,0.013150658,3.458194423,2.809614065
98,0.005837841,0.006244923,0.006651449,0.006977969,0.007172215,0.007156688,0.007167903,0.007284855,0.00681173,20201019,2020,10,97,10/19/2020,0.006676428,0.013026494,2.743114088,2.815489481
99,0.007534344,0.00802453,0.007889469,0.008433361,0.010115205,0.010849606,0.011479479,0.011758669,0.009510583,20201020,2020,10,98,10/20/2020,0.006804313,0.013136443,2.40216426,2.801046748
100,0.011809123,0.01175311,0.011695755,0.011531467,0.011330171,0.01138928,0.011989851,0.012503735,0.011750311,20201021,2020,10,99,10/21/2020,0.007098803,0.013037613,2.24160941,2.774215318
101,0.012767844,0.01278853,0.012768998,0.012558689,0.011681586,0.010544386,0.010774733,0.01121869,0.011887932,20201022,2020,10,100,10/22/2020,0.007560037,0.012721016,2.234162133,2.718267034
102,0.011615949,0.011850737,0.011787295,0.011505865,0.011072372,0.010920685,0.010630786,0.010755787,0.011267435,20201023,2020,10,101,10/23/2020,0.008001922,0.012656044,2.269664038,2.658838206
103,0.010603035,0.010258551,0.010181925,0.010020101,0.009482702,0.009887054,0.010269,0.007801448,0.009812977,20201024,2020,10,102,10/24/2020,0.008185816,0.012585816,2.375427722,2.63748559
104,0.005210286,0.004345921,0.004060855,0.0037042,0.003508028,0.003429111,0.003344287,0.003417637,0.003877541,20201025,2020,10,103,10/25/2020,0.007873342,0.012760979,3.448636041,2.702711702
105,0.004101146,0.005858638,0.006459019,0.00671209,0.006920717,0.007528545,0.008516674,0.009205034,0.006912733,20201026,2020,10,104,10/26/2020,0.007917663,0.012800598,2.726233444,2.694847072
106,0.009654488,0.010301569,0.009486319,0.00760923,0.005380159,0.005268932,0.005339058,0.005433731,0.007309186,20201027,2020,10,105,10/27/2020,0.00784192,0.012775003,2.663599256,2.705007143
107,0.005533351,0.005194305,0.005463867,0.00657405,0.007717837,0.008429129,0.008133122,0.007461393,0.006813382,20201028,2020,10,106,10/28/2020,0.007882653,0.012718084,2.742834976,2.697656948
108,0.007013728,0.006507161,0.005749219,0.005219207,0.005702452,0.006460917,0.006502262,0.006473908,0.006203607,20201029,2020,10,107,10/29/2020,0.007867194,0.012695931,2.853373864,2.700585434
109,0.005572326,0.005323286,0.005120631,0.004742677,0.003922355,0.003736261,0.003622849,0.003695571,0.004466994,20201030,2020,10,108,10/30/2020,0.007497765,0.012954319,3.266835082,2.763174728
110,0.0035253,0.003120065,0.002575188,0.001997664,0.001967097,0.002092655,0.002129176,0.002458914,0.002483257,20201031,2020,10,109,10/31/2020,0.007354022,0.01276045,3.989377735,2.815373319
111,0.002810141,0.003224307,0.003544266,0.003742698,0.00429634,0.005154392,0.006404738,0.007027788,0.004525584,20201101,2020,11,110,11/1/2020,0.007402375,0.013001166,3.250061399,2.800506675
112,0.00796899,0.004064321,0.003121159,0.0030186,0.002978514,0.002338647,0.001772286,0.001728534,0.003373881,20201102,2020,11,111,11/2/2020,0.007156814,0.012945542,3.624507914,2.863463377
113,0.001978241,0.00257237,0.002772248,0.002786897,0.0029555,0.003818493,0.003181759,0.00259038,0.002831986,20201103,2020,11,112,11/3/2020,0.006679772,0.012455853,3.837647486,2.965997893
114,0.002245194,0.002138175,0.002164809,0.002910431,0.004439729,0.004728674,0.004893197,0.005283791,0.0036005,20201104,2020,11,113,11/4/2020,0.006097642,0.012191968,3.542877581,3.058945619
115,0.004758527,0.004299957,0.004705396,0.005623254,0.005844551,0.005823378,0.007367824,0.008500306,0.005865399,20201105,2020,11,114,11/5/2020,0.005667462,0.012221506,2.921626406,3.10805021
116,0.008359379,0.007970244,0.007036211,0.006393734,0.006394099,0.005966875,0.006883878,0.007506568,0.007063874,20201106,2020,11,115,11/6/2020,0.005367207,0.012232835,2.70168671,3.138908973
117,0.007318113,0.006515846,0.005620177,0.00518128,0.00526208,0.00577481,0.006160619,0.005898732,0.005966457,20201107,2020,11,116,11/7/2020,0.005092456,0.012340616,2.900679306,3.176426943
118,0.005423752,0.00492855,0.004306183,0.004070749,0.00472648,0.005235697,0.005788923,0.005348422,0.004978594,20201108,2020,11,117,11/8/2020,0.005171102,0.012432478,3.127646506,3.153499119
119,0.005031399,0.004869266,0.004745009,0.004360981,0.004014549,0.003976665,0.00488079,0.005219353,0.004637252,20201109,2020,11,118,11/9/2020,0.005008568,0.012679519,3.218704246,3.188675605
120,0.005946169,0.008293624,0.009609287,0.00913225,0.008519644,0.00957966,0.010465316,0.010906732,0.009056585,20201110,2020,11,119,11/10/2020,0.005133382,0.012883494,2.445922469,3.173127263
121,0.010570893,0.010306607,0.010680346,0.010910742,0.01182574,0.012251294,0.012645465,0.012879533,0.011508828,20201111,2020,11,120,11/11/2020,0.005468771,0.0128821,2.255254217,3.138300066
122,0.012639088,0.012585993,0.012669758,0.011342652,0.007696373,0.005203363,0.005553018,0.004819242,0.009063686,20201112,2020,11,121,11/12/2020,0.005673063,0.012710942,2.44520271,3.109144983
123,0.004581595,0.004764386,0.004982558,0.005355115,0.005725485,0.005964749,0.006163607,0.006073894,0.005451423,20201113,2020,11,122,11/13/2020,0.005743379,0.01247808,3.012643404,3.090988435
124,0.005296125,0.00427949,0.004466831,0.004437438,0.004386296,0.003469379,0.002882436,0.002864025,0.004010252,20201114,2020,11,123,11/14/2020,0.00585245,0.01234328,3.405552611,3.04928664
125,0.002721824,0.002660979,0.002474062,0.002551766,0.003265635,0.004519222,0.005495077,0.006810568,0.003812391,20201115,2020,11,124,11/15/2020,0.005801508,0.012072341,3.470266836,3.0650156
126,0.009058563,0.007800905,0.004514367,0.003951429,0.003411356,0.003262668,0.003194551,0.003123832,0.004789709,20201116,2020,11,125,11/16/2020,0.005902638,0.011876028,3.177159364,3.033062132
127,0.002870043,0.00277821,0.002879851,0.002763713,0.002617296,0.003090311,0.003964208,0.003945996,0.003113703,20201117,2020,11,126,11/17/2020,0.005922761,0.011760775,3.723566113,3.024913463
128,0.003136853,0.00235759,0.002040076,0.001938284,0.00165984,0.001478222,0.001445302,0.001493885,0.001943756,20201118,2020,11,127,11/18/2020,0.005804422,0.01168818,4.249163524,3.075362459
129,0.001416158,0.001441549,0.001532914,0.001570313,0.00170053,0.002117994,0.002486366,0.002966171,0.001903999,20201119,2020,11,128,11/19/2020,0.005521465,0.011647064,4.269598885,3.171646207
130,0.003194665,0.003040404,0.002923153,0.003162373,0.003442933,0.00388064,0.004972039,0.005355569,0.003746472,20201120,2020,11,129,11/20/2020,0.005284508,0.011631426,3.492482091,3.228131592
131,0.005586287,0.005549231,0.005545013,0.005799234,0.006289713,0.00543263,0.004535489,0.003896585,0.005329273,20201121,2020,11,130,11/21/2020,0.005238995,0.011660683,3.041178642,3.238167258
132,0.003612461,0.003300477,0.003331028,0.002887004,0.003006214,0.004191038,0.005356592,0.005936611,0.003952678,20201122,2020,11,131,11/22/2020,0.005165715,0.011567623,3.424083862,3.259341355
133,0.006590545,0.00795954,0.00972556,0.00965689,0.00951243,0.00513848,0.0036107,0.003095393,0.006911192,20201123,2020,11,132,11/23/2020,0.005328139,0.011018731,2.726488064,3.224183057
134,0.003173114,0.003370326,0.003566823,0.00359505,0.003512471,0.002940763,0.002570457,0.002418719,0.003143465,20201124,2020,11,133,11/24/2020,0.004905774,0.010785161,3.711935488,3.314612558
135,0.002331445,0.002402436,0.002945758,0.003975818,0.004422294,0.004774052,0.004921771,0.005105028,0.003859825,20201125,2020,11,134,11/25/2020,0.004359416,0.010858205,3.454486197,3.400271985
136,0.004875289,0.005302031,0.007429662,0.008374159,0.00924034,0.009846269,0.009813349,0.008232106,0.007889151,20201126,2020,11,135,11/26/2020,0.004275521,0.011333834,2.581572985,3.410012719
137,0.006712936,0.006268737,0.006318302,0.00586121,0.005721051,0.005793458,0.005780817,0.005955012,0.00605144,20201127,2020,11,136,11/27/2020,0.004318379,0.011268176,2.883433084,3.40078341
138,0.005213459,0.004507318,0.004609846,0.004784082,0.004798297,0.004383655,0.004560607,0.004374202,0.004653933,20201128,2020,11,137,11/28/2020,0.004364356,0.011030952,3.214087946,3.387107363
139,0.003404299,0.002962973,0.002733821,0.002494768,0.002338283,0.002388173,0.002762227,0.002914941,0.002749936,20201129,2020,11,138,11/29/2020,0.004288467,0.010777673,3.872271896,3.41582201
140,0.003034143,0.003253721,0.003496016,0.00475601,0.0058443,0.00844345,0.010559466,0.011743824,0.006391366,20201130,2020,11,139,11/30/2020,0.004402871,0.0104416,2.817689331,3.390145579
141,0.011735143,0.011437382,0.009751444,0.006530857,0.00628768,0.005708371,0.004381321,0.003947877,0.007472509,20201201,2020,12,140,12/1/2020,0.004714214,0.010858205,2.639394963,3.312704783
142,0.003397,0.002947996,0.002899821,0.002938707,0.003051426,0.003280054,0.003051577,0.003202761,0.003096168,20201202,2020,12,141,12/2/2020,0.004796529,0.011333834,3.7304557,3.275654224
143,0.002936202,0.002744008,0.002844224,0.002671122,0.002519917,0.002155639,0.002547538,0.002522484,0.002617642,20201203,2020,12,142,12/3/2020,0.004847504,0.011268176,3.9294779,3.251359868
144,0.002150914,0.002483018,0.003336395,0.00370413,0.003902262,0.004150289,0.004375402,0.005259299,0.003670214,20201204,2020,12,143,12/4/2020,0.004842057,0.011030952,3.518600735,3.253225485
145,0.005207379,0.004999436,0.005112897,0.005114771,0.004476838,0.004180105,0.004455485,0.003988184,0.004691887,20201205,2020,12,144,12/5/2020,0.004796529,0.011030952,3.203650065,3.264830587
146,0.00360811,0.003236215,0.002984923,0.002822034,0.002497389,0.002218663,0.002172598,0.002224093,0.002720503,20201206,2020,12,145,12/6/2020,0.004708517,0.012760979,3.88485062,3.297742498
147,0.002208785,0.002202455,0.002228682,0.002303576,0.00240296,0.002444447,0.002372061,0.002349101,0.002314008,20201207,2020,12,146,12/7/2020,0.004380146,0.012800598,4.067470871,3.393526984
148,0.002182149,0.002061924,0.002237891,0.002300486,0.002272835,0.00210842,0.002140683,0.002151515,0.002181988,20201208,2020,12,147,12/8/2020,0.004311469,0.012775003,4.130508529,3.423425059
149,0.002111082,0.002202706,0.002391844,0.002664234,0.002770369,0.002733458,0.002925554,0.003240512,0.00262997,20201209,2020,12,148,12/9/2020,0.004223623,0.012882394,3.924073989,3.456967044
150,0.003244891,0.003281866,0.003551154,0.003736715,0.003723936,0.003558979,0.003597673,0.003503697,0.003524864,20201210,2020,12,149,12/10/2020,0.003911888,0.012998595,3.569655958,3.527544399
151,0.0034251,0.003350788,0.003353337,0.003479947,0.003559342,0.004083486,0.005295655,0.005591032,0.004017336,20201211,2020,12,150,12/11/2020,0.003766595,0.012959164,3.403289394,3.564676993
152,0.005710056,0.00577898,0.006354485,0.007253294,0.007531487,0.00742555,0.008474395,0.009136654,0.007208113,20201212,2020,12,151,12/12/2020,0.003949036,0.013296096,2.679034941,3.526458921
153,0.006128897,0.006588608,0.007186367,0.007424481,0.007223826,0.006720272,0.006355817,0.00538587,0.006626767,20201213,2020,12,152,12/13/2020,0.004225952,0.013150658,2.775050879,3.448085991
154,0.004379434,0.003617909,0.003178335,0.002890566,0.002807137,0.003231904,0.003681929,0.003663805,0.003431377,20201214,2020,12,153,12/14/2020,0.004014525,0.013026494,3.603397157,3.504207979
155,0.003487815,0.00265611,0.002197614,0.002230758,0.002156033,0.001926036,0.001784641,0.001788095,0.002278388,20201215,2020,12,154,12/15/2020,0.003643516,0.013136443,4.08429309,3.607414988
156,0.001484839,0.001465128,0.001327873,0.001301442,0.001453151,0.001455968,0.001677899,0.001980862,0.001518395,20201216,2020,12,155,12/16/2020,0.003530818,0.013106333,4.477693554,3.66078912
157,0.002369973,0.002682373,0.003047353,0.003445313,0.002837999,0.002201866,0.002117446,0.002235492,0.002617227,20201217,2020,12,156,12/17/2020,0.003530788,0.013053776,3.929660034,3.66080213
158,0.001956136,0.001652855,0.001537058,0.00137055,0.000980048,0.001046979,0.001546542,0.001669615,0.001469973,20201218,2020,12,157,12/18/2020,0.003373628,0.013041208,4.505138849,3.731269138
159,0.001397717,0.001376967,0.001206483,0.001262738,0.00124324,0.001200292,0.001582305,0.001688692,0.001369804,20201219,2020,12,158,12/19/2020,0.003136337,0.012998595,4.562882246,3.828357151
160,0.00162855,0.001762428,0.001879918,0.001856594,0.001906123,0.002301421,0.003044554,0.003728329,0.00226349,20201220,2020,12,159,12/20/2020,0.003103693,0.012959164,4.091369395,3.843108492
161,0.004120532,0.004244433,0.004077426,0.003652653,0.003465254,0.003574008,0.004143727,0.00417522,0.003931657,20201221,2020,12,160,12/21/2020,0.003219239,0.013296096,3.430910631,3.797639903
162,0.004013711,0.003928029,0.004114783,0.004127228,0.00391721,0.003721015,0.003901,0.00358561,0.003913573,20201222,2020,12,161,12/22/2020,0.003342924,0.013150658,3.436809486,3.748089972
163,0.003387258,0.003012344,0.002580347,0.002453248,0.002406622,0.002408394,0.002636319,0.002874425,0.00271987,20201223,2020,12,162,12/23/2020,0.003349345,0.013026494,3.885122176,3.745307699
164,0.003169647,0.003676487,0.004534781,0.005143881,0.005904529,0.006490143,0.007446434,0.008173117,0.005567377,20201224,2020,12,163,12/24/2020,0.003495239,0.013136443,2.986279597,3.703637959
165,0.008703182,0.00936564,0.010293088,0.010628589,0.010967702,0.006714242,0.005316642,0.003710552,0.008212455,20201225,2020,12,164,12/25/2020,0.00379489,0.013037613,2.540332582,3.641998187
166,0.003184502,0.00268514,0.00230473,0.001840456,0.001704453,0.001719412,0.001775572,0.00185012,0.002133048,20201226,2020,12,165,12/26/2020,0.003432386,0.012721016,4.154361812,3.747378678
167,0.001820786,0.001802341,0.001794669,0.00180176,0.001822567,0.001766264,0.001887343,0.002045019,0.001842594,20201227,2020,12,166,12/27/2020,0.003090659,0.012656044,4.301527281,3.856412706
168,0.002105167,0.00231798,0.002571303,0.002981238,0.004046355,0.00441093,0.004680191,0.004554609,0.003458472,20201228,2020,12,167,12/28/2020,0.003092594,0.012585816,3.5935443,3.855708931
169,0.00438238,0.003470641,0.002826453,0.002509415,0.002034026,0.00191174,0.001687485,0.00167377,0.002561989,20201229,2020,12,168,12/29/2020,0.003112852,0.012760979,3.954062539,3.846406749
170,0.001672166,0.001717727,0.001792139,0.001588913,0.001530889,0.002051569,0.002529571,0.002739507,0.00195281,20201230,2020,12,169,12/30/2020,0.003143881,0.012800598,4.244535671,3.829752614
171,0.002987636,0.003642982,0.004230495,0.005408569,0.004936801,0.003929178,0.003296233,0.002844972,0.003909608,20201231,2020,12,170,12/31/2020,0.003236194,0.012775003,3.438106199,3.794641626
172,0.009100975,0.009791435,0.011426874,0.012191588,0.012223355,0.011868408,0.011700884,0.011346329,0.011206231,20200901,2020,9,171,9/1/2020,0.003931641,0.012718084,2.273445062,3.635234927
173,0.011671042,0.012145945,0.012744369,0.013474195,0.014338856,0.015526887,0.014801324,0.015351538,0.013756769,20200902,2020,9,172,9/2/2020,0.004816424,0.012718084,2.15306355,3.46310502
174,0.016409047,0.017145092,0.017258827,0.016718064,0.014006346,0.011481233,0.008708932,0.010160906,0.013986056,20200903,2020,9,173,9/3/2020,0.005653751,0.010858205,2.145284017,3.324098922
175,0.012969426,0.016648447,0.016533149,0.013978624,0.012731624,0.012572696,0.011431873,0.009467652,0.013291686,20200904,2020,9,174,9/4/2020,0.006322324,0.011333834,2.170146458,3.234044338
176,0.00765775,0.006646315,0.007309467,0.006779823,0.006472841,0.005753168,0.005473901,0.005855392,0.006493582,20200905,2020,9,175,9/5/2020,0.00650661,0.011268176,2.79889406,3.18847895
177,0.006542949,0.007008562,0.007010838,0.00717762,0.007474136,0.007306752,0.007532838,0.008461023,0.00731434,20200906,2020,9,176,9/6/2020,0.006834787,0.011030952,2.662821636,3.101171769
178,0.009685855,0.009949355,0.00992161,0.010322588,0.010542409,0.008922627,0.008295164,0.009017542,0.009582144,20200907,2020,9,177,9/7/2020,0.007121556,0.011030952,2.395670006,3.05898537
179,0.011158497,0.012092037,0.012213347,0.012290123,0.012196043,0.00940951,0.007622405,0.00666417,0.010455766,20200908,2020,9,178,9/8/2020,0.007281792,0.012760979,2.324352663,3.043558232
180,0.008433197,0.008641018,0.00872406,0.009500192,0.010246255,0.010473575,0.008571058,0.009077938,0.009208412,20200909,2020,9,179,9/9/2020,0.007787176,0.012800598,2.430783047,2.920445464
181,0.011997403,0.013625697,0.014743247,0.015409963,0.015897982,0.0161885,0.016485237,0.015913825,0.015032732,20200910,2020,9,180,9/10/2020,0.008729328,0.012718084,2.114499649,2.764229204
182,0.015692977,0.015446727,0.015368088,0.01306386,0.011202167,0.01066781,0.009889184,0.008987108,0.01253974,20200911,2020,9,181,9/11/2020,0.00937799,0.00937799,2.201890875,2.664825388
183,0.007136492,0.006799142,0.008240392,0.007958596,0.006970803,0.00638573,0.006126045,0.006625729,0.007030366,20200912,2020,9,182,9/12/2020,0.00969716,0.00969716,2.707056053,2.575753496
184,0.007482493,0.008282135,0.008900858,0.009587901,0.010361913,0.010015202,0.010137969,0.010727266,0.009436967,20200913,2020,9,183,9/13/2020,0.010231743,0.010231743,2.408956277,2.444640682
185,0.011895755,0.012687306,0.013324101,0.01236479,0.009755612,0.008359313,0.007326279,0.006567077,0.010285029,20200914,2020,9,184,9/14/2020,0.01068713,0.01068713,2.33719929,2.366004475
186,0.006104571,0.0051347,0.004836207,0.004598841,0.004737961,0.004695266,0.004399235,0.004581251,0.004886004,20200915,2020,9,185,9/15/2020,0.010235685,0.010235685,3.151651546,2.428733509
187,0.005438078,0.006405755,0.007116169,0.007461776,0.007565374,0.007310981,0.007613672,0.008439298,0.007168888,20200916,2020,9,186,9/16/2020,0.009765122,0.010858205,2.685121532,2.466737651
188,0.009185126,0.009291224,0.00962582,0.009546701,0.009421798,0.008565488,0.00888784,0.009884208,0.009301026,20200917,2020,9,187,9/17/2020,0.009430477,0.011333834,2.421801514,2.486488901
189,0.010502714,0.01028608,0.010181443,0.009644142,0.008527404,0.00834274,0.007458746,0.005868154,0.008851428,20200918,2020,9,188,9/18/2020,0.009113316,0.011268176,2.467228494,2.507709046
190,0.004134651,0.003932204,0.003564579,0.003266308,0.003168239,0.002846471,0.002541275,0.002518957,0.003246585,20200919,2020,9,189,9/19/2020,0.008881388,0.011030952,3.672241223,2.570090986
191,0.002691165,0.002897872,0.003051663,0.003056103,0.002928831,0.002863473,0.002537418,0.002487,0.002814191,20200920,2020,9,190,9/20/2020,0.008559948,0.011030952,3.845101997,2.654539583
192,0.002517659,0.002813215,0.003268059,0.003297857,0.003232373,0.003145533,0.002671092,0.002468659,0.002926806,20200921,2020,9,191,9/21/2020,0.008084567,0.012760979,3.798431086,2.754736803
193,0.002508728,0.002679473,0.003485426,0.003416075,0.00338315,0.003608092,0.003026317,0.003226521,0.003166723,20200922,2020,9,192,9/22/2020,0.007563921,0.01068713,3.702901528,2.853204579
194,0.004037866,0.005245424,0.005521268,0.00601634,0.006871122,0.007502014,0.007710379,0.007579279,0.006310461,20200923,2020,9,193,9/23/2020,0.007356925,0.010235685,2.832878903,2.881925712
195,0.007692201,0.007912604,0.007246055,0.006940832,0.008858211,0.008262563,0.007707256,0.007799491,0.007802402,20200924,2020,9,194,9/24/2020,0.006840473,0.009765122,2.593164538,2.916116061
196,0.007897286,0.007806591,0.008231934,0.008710179,0.008835189,0.008901907,0.008648551,0.008797957,0.008478699,20200925,2020,9,195,9/25/2020,0.006550398,0.009430477,2.508575755,2.938022124
197,0.008832329,0.008624249,0.008628164,0.009300683,0.009424789,0.010190175,0.010184349,0.011412246,0.009574623,20200926,2020,9,196,9/26/2020,0.006732131,0.009113316,2.396347568,2.915828661
198,0.012431606,0.012116333,0.012368671,0.013652151,0.013894531,0.0130138,0.01238477,0.013468659,0.012916315,20200927,2020,9,197,9/27/2020,0.006980656,0.008881388,2.185314908,2.899854277
199,0.014279304,0.014938869,0.014427675,0.013540464,0.013054065,0.013149879,0.011898241,0.011996401,0.013410612,20200928,2020,9,198,9/28/2020,0.007203912,0.008559948,2.165604756,2.887597525
200,0.012160047,0.011738637,0.011585126,0.011798779,0.012513916,0.012721546,0.013056288,0.013107011,0.012335169,20200929,2020,9,199,9/29/2020,0.007735995,0.008084567,2.211508963,2.820444483
201,0.004264287,0.00400056,0.003200789,0.003029685,0.002770963,0.002733769,0.002460022,0.002678685,0.003142345,20200101,2020,1,200,1/1/2020,0.007448385,0.007448385,3.712371938,2.893819512
202,0.002528241,0.002221467,0.002160412,0.002303831,0.002813549,0.003188514,0.003645856,0.00368948,0.002818919,20200102,2020,1,201,1/2/2020,0.006985377,0.006985377,3.84311847,2.995342152
203,0.004018565,0.004272659,0.004663155,0.004995393,0.00528605,0.0055359,0.005903093,0.0061247,0.005099939,20200103,2020,1,202,1/3/2020,0.006717413,0.006717413,3.09694253,3.040321726
204,0.006113824,0.006103331,0.006034642,0.006120682,0.00606859,0.006288418,0.006813306,0.006767462,0.006288782,20200104,2020,1,203,1/4/2020,0.006934713,0.006934713,2.836996892,2.980661417
205,0.005589562,0.004281897,0.003624038,0.003206702,0.002866057,0.002596655,0.002456144,0.002445917,0.003383371,20200105,2020,1,204,1/5/2020,0.006975369,0.006975369,3.621004409,2.964654446
206,0.002428015,0.002435045,0.002823023,0.002900221,0.002907194,0.003189881,0.003407219,0.002854499,0.002868137,20200106,2020,1,205,1/6/2020,0.006971178,0.006971178,3.822595919,2.966380505
207,0.002424377,0.002376515,0.002535126,0.002739159,0.002758343,0.002590188,0.002549151,0.002731557,0.002588052,20200107,2020,1,206,1/7/2020,0.006929845,0.006929845,3.942510449,2.983495428
208,0.003157387,0.003137546,0.00318748,0.002833869,0.002814739,0.003003321,0.002565897,0.001883684,0.002822991,20200108,2020,1,207,1/8/2020,0.00668074,0.00668074,3.841411916,3.055533501
209,0.001765884,0.001556454,0.001294035,0.001259391,0.001271222,0.001187756,0.001159035,0.001214958,0.001338592,20200109,2020,1,208,1/9/2020,0.006219039,0.006219039,4.581145488,3.19753214
210,0.001311517,0.001533839,0.002206546,0.00284178,0.002894155,0.004494411,0.005579438,0.006444415,0.003413263,20200110,2020,1,209,1/10/2020,0.005857222,0.005857222,3.610018565,3.276206626
211,0.006966273,0.007421116,0.007476124,0.007008394,0.007701004,0.007947835,0.008064916,0.008356648,0.007617789,20200111,2020,1,210,1/11/2020,0.005717448,0.005717448,2.618607693,3.29208235
212,0.009041389,0.009475701,0.009540343,0.01020645,0.010506469,0.006169642,0.005923994,0.00469681,0.0081951,20200112,2020,1,211,1/12/2020,0.005380219,0.005380219,2.542470166,3.317593439
213,0.003433452,0.002665425,0.002306353,0.002267562,0.003535206,0.004896664,0.005435708,0.005537581,0.003759744,20200113,2020,1,212,1/13/2020,0.004690871,0.004690871,3.487982501,3.412048993
214,0.005093278,0.004412499,0.004252753,0.004048835,0.003682357,0.003423674,0.003986111,0.004544247,0.004180469,20200114,2020,1,213,1/14/2020,0.004108392,0.004108392,3.352163919,3.493524347
215,0.004925479,0.005265441,0.00532953,0.005045764,0.003748644,0.003427087,0.003305719,0.003315883,0.004295443,20200115,2020,1,214,1/15/2020,0.004190756,0.004190756,3.317254445,3.465301669
216,0.003390415,0.003924484,0.004892197,0.005521569,0.005833709,0.003925188,0.003076425,0.003006634,0.004196328,20200116,2020,1,215,1/16/2020,0.004289143,0.004289143,3.347294403,3.429885664
217,0.002463741,0.002197724,0.001596145,0.001308109,0.001142297,0.00102349,0.000918249,0.000974334,0.001453011,20200117,2020,1,216,1/17/2020,0.004028648,0.004028648,4.51482417,3.531162924
218,0.001019134,0.000925851,0.000806736,0.000823399,0.000910734,0.001128283,0.00178182,0.002513268,0.001238653,20200118,2020,1,217,1/18/2020,0.003667924,0.003667924,4.640502773,3.659984772
219,0.003303428,0.003755025,0.003864372,0.00386987,0.003526529,0.003279143,0.002733057,0.002704238,0.003379458,20200119,2020,1,218,1/19/2020,0.003667645,0.003667645,3.622448354,3.660087911
220,0.002393353,0.002008281,0.001585665,0.001283197,0.001171458,0.001150227,0.001143597,0.001201266,0.001492131,20200120,2020,1,219,1/20/2020,0.003569359,0.003569359,4.492542442,3.707941234
221,0.001119215,0.001116657,0.001204831,0.001337297,0.001237802,0.001203142,0.001316688,0.001447917,0.001247944,20200121,2020,1,220,1/21/2020,0.003473637,0.003473637,4.634927736,3.757399612
222,0.001385033,0.001423346,0.001527231,0.00164434,0.00164603,0.0016777,0.001883126,0.002041568,0.001653547,20200122,2020,1,221,1/22/2020,0.003390105,0.003390105,4.402671174,3.797489559
223,0.00191536,0.001732466,0.001797003,0.001923378,0.001488836,0.000879257,0.001468824,0.001520307,0.001590679,20200123,2020,1,222,1/23/2020,0.003408111,0.003408111,4.437282255,3.787213614
224,0.001328288,0.001156249,0.001117865,0.001076086,0.001094055,0.001034745,0.001918534,0.001671963,0.001299723,20200124,2020,1,223,1/24/2020,0.003257144,0.003257144,4.604070865,3.85821735
225,0.001051444,0.001761452,0.003695741,0.004120976,0.004528415,0.005012412,0.005835097,0.006661946,0.004083435,20200125,2020,1,224,1/25/2020,0.00300469,0.00300469,3.382345119,3.912770023
226,0.007012763,0.004635465,0.004047959,0.003815394,0.003549192,0.003656084,0.003257133,0.003400398,0.004171798,20200126,2020,1,225,1/26/2020,0.002717312,0.002717312,3.354833836,3.970795999
227,0.003261276,0.003166856,0.003035624,0.003191141,0.003284075,0.003507965,0.003355891,0.00361596,0.003302348,20200127,2020,1,226,1/27/2020,0.002684641,0.002684641,3.651161029,3.982451608
228,0.003522338,0.003242617,0.003014123,0.002945547,0.002943915,0.002837949,0.002793437,0.002791158,0.003011386,20200128,2020,1,227,1/28/2020,0.002601135,0.002601135,3.764156654,4.011879661
229,0.002646808,0.002517759,0.002379792,0.002209631,0.0019218,0.00158027,0.001780382,0.001987395,0.00212798,20200129,2020,1,228,1/29/2020,0.002446316,0.002446316,4.156847371,4.071850584
230,0.001700361,0.001406223,0.001072005,0.000882706,0.000959576,0.001216324,0.001345203,0.001475005,0.001257175,20200130,2020,1,229,1/30/2020,0.002236376,0.002236376,4.629399743,4.163429537
231,0.001654288,0.002120309,0.002577311,0.002860169,0.0029274,0.0031258,0.003327847,0.003640454,0.002779197,20200131,2020,1,230,1/31/2020,0.002331104,0.002331104,3.859849579,4.116645638
232,0.003843153,0.004143646,0.004255346,0.00420933,0.004161248,0.004103987,0.004166073,0.00428644,0.004146153,20200201,2020,2,231,2/1/2020,0.002538782,0.002538782,3.362761564,4.025378409
233,0.004289745,0.004172429,0.003882577,0.003547838,0.003512841,0.003346337,0.003206953,0.003466214,0.003678117,20200202,2020,2,232,2/2/2020,0.002560115,0.002560115,3.515872816,4.01776587
234,0.003791226,0.003810439,0.003829763,0.003689421,0.003755849,0.003833596,0.003744778,0.003950214,0.003800661,20200203,2020,2,233,2/3/2020,0.00272501,0.00272501,3.47419584,3.945026827
235,0.003906236,0.004080069,0.004690476,0.00545373,0.005479583,0.0059348,0.006332459,0.006806457,0.005335476,20200204,2020,2,234,2/4/2020,0.003016977,0.003016977,3.039710271,3.831082723
236,0.006517542,0.004987919,0.004196209,0.00348828,0.003142538,0.002776879,0.002341845,0.002310422,0.003720204,20200205,2020,2,235,2/5/2020,0.003164595,0.003164595,3.501427747,3.766708192
237,0.001940629,0.002114888,0.003720065,0.004025746,0.004490568,0.004669681,0.004662993,0.004711617,0.003792023,20200206,2020,2,236,2/6/2020,0.003321834,0.003321834,3.477095517,3.698123425
238,0.004469656,0.004285237,0.004640311,0.005503371,0.005054257,NA,NA,0.002768447,0.004453546,20200207,2020,2,237,2/7/2020,0.003547107,0.003547107,3.270716802,3.602883849
239,0.002323708,0.002085715,0.00192586,0.001692025,0.001563808,0.0021895,0.002233225,0.002273055,0.002035862,20200208,2020,2,238,2/8/2020,0.003400852,0.003400852,4.202524755,3.661468109
240,0.002280924,0.002309763,0.002282476,0.002230462,0.002407276,0.002868739,0.003079447,0.003391909,0.002606375,20200209,2020,2,239,2/9/2020,0.003289036,0.003289036,3.93443009,3.702867841
241,0.003325768,0.002850523,0.003412924,0.003570064,0.003851286,0.004430647,0.00481735,0.004883394,0.003892744,20200210,2020,2,240,2/10/2020,0.003331207,0.003331207,3.443634086,3.688044488
242,0.004768657,0.004663375,0.004732093,0.005007772,0.005540228,0.005586355,0.005352259,0.004877622,0.005066045,20200211,2020,2,241,2/11/2020,0.003477969,0.003477969,3.105433674,3.640992847
243,0.004495677,0.003279624,0.00298624,0.002655231,0.002275752,0.002272869,0.002273156,0.002406023,0.002830571,20200212,2020,2,242,2/12/2020,0.003528154,0.003528154,3.83823885,3.618235095
244,0.002600565,0.00324999,0.003698048,0.004364501,0.004461517,0.004966311,0.005663858,0.004931786,0.004242072,20200213,2020,2,243,2/13/2020,0.003741361,0.003741361,3.333346057,3.525659832
245,0.003825095,0.003323374,0.003147598,0.002610503,0.001641682,0.001451042,0.001253442,0.001079949,0.002291585,20200214,2020,2,244,2/14/2020,0.003706531,0.003706531,4.078044482,3.541245182
246,0.000954001,0.000854681,0.000801298,0.000793987,0.000719426,0.00084059,0.00108541,0.001379001,0.000928549,20200215,2020,2,245,2/15/2020,0.003476702,0.003476702,4.833515162,3.646299011
247,0.001520995,0.001593613,0.001838902,0.001738177,0.002119201,0.002673829,0.003167931,0.00342382,0.002259559,20200216,2020,2,246,2/16/2020,0.003375377,0.003375377,4.093240595,3.687539566
248,0.003404136,0.003299056,0.003670772,0.003735225,0.002563169,0.002585954,0.002518667,0.002590102,0.003045885,20200217,2020,2,247,2/17/2020,0.003321464,0.003321464,3.750364577,3.707265905
249,0.002478705,0.002032414,0.001914252,0.002712829,0.003582595,0.004229431,0.005205062,0.006199915,0.0035444,20200218,2020,2,248,2/18/2020,0.00319353,0.00319353,3.562694977,3.744621955
250,0.006628976,0.005796186,0.003565894,0.003201406,0.002665141,0.002653913,0.002320665,0.002087883,0.003615008,20200219,2020,2,249,2/19/2020,0.003186016,0.003186016,3.537793652,3.74721952
251,0.001771163,0.001744703,0.001706539,0.001655503,0.001529929,0.001238797,0.001349202,0.001456942,0.001556597,20200220,2020,2,250,2/20/2020,0.003026343,0.003026343,4.456253126,3.817159349
252,0.001324534,0.001361601,0.001114473,0.001111035,0.001090883,0.00104994,0.001034864,0.001214879,0.001162776,20200221,2020,2,251,2/21/2020,0.002791288,0.002791288,4.686478987,3.918285219
253,0.001249529,0.001275555,0.001267101,0.00125706,0.001263549,0.001654102,0.001874649,0.002027418,0.00148362,20200222,2020,2,252,2/22/2020,0.002751842,0.002751842,4.4973729,3.939345801
254,0.002027121,0.002149234,0.002195148,0.002055716,0.00183271,0.00206717,0.002441837,0.002542905,0.00216398,20200223,2020,2,253,2/23/2020,0.002720242,0.002720242,4.139254698,3.95397613
255,0.002317381,0.002119324,0.002391506,0.002696806,0.00277926,0.003215275,0.003205432,0.003673885,0.002799858,20200224,2020,2,254,2/24/2020,0.002642179,0.002642179,3.851127988,3.983082837
256,0.003629882,0.004657075,0.005443635,0.005805464,0.005685033,0.005522511,0.00560207,0.00595206,0.005287216,20200225,2020,2,255,2/25/2020,0.002657977,0.002657977,3.051188328,3.97920817
257,0.005899499,0.005797245,0.005796939,0.005754745,0.005658299,0.005565055,0.005624018,0.005633958,0.00571622,20200226,2020,2,256,2/26/2020,0.002864095,0.002864095,2.95344172,3.916008375
258,0.005375277,0.005219733,0.005159747,0.007082805,0.004358006,0.002730073,0.002166469,0.001959828,0.004256492,20200227,2020,2,257,2/27/2020,0.002865125,0.002865125,3.328978979,3.915696441
259,0.001808969,0.001792115,0.001945606,0.001906022,0.001673711,0.001594871,0.001704778,0.001761732,0.001773476,20200228,2020,2,258,2/28/2020,0.002828117,0.002828117,4.338003321,3.934264929
260,0.001877239,0.001782413,0.001712368,0.001634524,0.001792497,0.001755832,0.001586895,0.001516869,0.00170733,20200229,2020,2,259,2/29/2020,0.002883744,0.002883744,4.373452161,3.901403286
261,0.00140795,0.001400188,0.001449412,0.001550014,0.00164357,0.001706371,0.001796076,0.002140136,0.001636715,20200301,2020,3,260,3/1/2020,0.002839255,0.002839255,4.411889374,3.924163913
262,0.002168637,0.00216688,0.002205698,0.002004638,0.00307673,0.004499204,0.00481823,0.005049389,0.003248676,20200302,2020,3,261,3/2/2020,0.00285374,0.00285374,3.671446213,3.918526887
263,0.005146723,0.005898372,0.006366675,0.006390886,0.005884848,0.006093301,0.006090153,0.006251891,0.006015356,20200303,2020,3,262,3/3/2020,0.003030237,0.003030237,2.89071521,3.870528333
264,0.006728664,0.007861788,0.005351536,0.004185868,0.004208303,0.003314539,0.002909559,0.003455861,0.004752015,20200304,2020,3,263,3/4/2020,0.003111452,0.003111452,3.187297342,3.845492882
265,0.004087023,0.0047383,0.003543082,0.002846465,0.002590294,0.002415207,0.002453325,0.002613624,0.003160915,20200305,2020,3,264,3/5/2020,0.003226046,0.003226046,3.705152953,3.79184287
266,0.002666687,0.002923073,0.003055794,0.003493638,0.003651181,0.00358046,0.003865131,0.004423514,0.003457435,20200306,2020,3,265,3/6/2020,0.00338995,0.00338995,3.593920289,3.713802963
267,0.004255163,0.00335855,0.003460091,0.00330092,0.002553774,0.001547917,0.001563381,0.001744547,0.002723043,20200307,2020,3,266,3/7/2020,0.00347848,0.00347848,3.883761833,3.669973601
268,0.001774507,0.001633612,0.00077848,0.000853501,0.000767015,0.001966774,0.002326492,0.002765815,0.001608274,20200308,2020,3,267,3/8/2020,0.003438787,0.003438787,4.427545161,3.690565777
269,0.002744601,0.002230236,0.002188479,0.002812463,0.002925749,0.003615864,0.004652509,0.004275092,0.003180624,20200309,2020,3,268,3/9/2020,0.003465985,0.003465985,3.697524396,3.679594092
270,0.004040127,0.00400825,0.004115373,0.005558874,0.006623473,0.006264829,0.006250235,0.00730194,0.005520387,20200310,2020,3,269,3/10/2020,0.00348264,0.00348264,2.996879692,3.675714903
271,0.008620682,0.007551617,0.004728301,0.003302368,0.00223912,0.002354946,0.002592382,0.002843747,0.004279145,20200311,2020,3,270,3/11/2020,0.003379992,0.003379992,3.322147593,3.702051037
272,0.002980219,0.003083669,0.003401831,0.003776556,0.003895353,0.004219913,0.004326447,0.004492662,0.003772081,20200312,2020,3,271,3/12/2020,0.003345391,0.003345391,3.483812076,3.713110544
273,0.004654398,0.005374035,0.006237465,0.007961441,0.008122949,0.008174996,0.00830835,0.004238241,0.006633984,20200313,2020,3,272,3/13/2020,0.00369257,0.00369257,2.773779383,3.601380263
274,0.003438757,0.002955683,0.002674533,0.002531345,0.002428031,0.002668213,0.002786498,0.002935987,0.002802381,20200314,2020,3,273,3/14/2020,0.003770788,0.003770788,3.850065981,3.563995536
275,0.002958438,0.002822054,0.002545422,0.002746217,0.002206896,0.002340594,0.002188684,0.002186322,0.002499328,20200315,2020,3,274,3/15/2020,0.003832403,0.003832403,3.982117617,3.533297553
276,0.001923963,0.001748461,0.00118614,0.001019362,0.001050313,0.001684275,0.002275883,0.002794462,0.001710357,20200316,2020,3,275,3/16/2020,0.003722523,0.003722523,4.371817839,3.583324098
277,0.002944121,0.003238127,0.003944616,0.004372774,0.004622806,0.004945152,0.005265489,0.005387183,0.004340034,20200317,2020,3,276,3/17/2020,0.003602857,0.003602857,3.303959395,3.612841539
278,0.004739898,0.003834418,0.00328651,0.002739239,0.001667997,0.001969111,0.002171891,0.002703309,0.002889047,20200318,2020,3,277,3/18/2020,0.003469788,0.003469788,3.813946537,3.657602196
279,0.002049597,0.001211875,0.003380565,0.004736823,0.00526397,0.005227862,0.005464149,0.005689102,0.004127993,20200319,2020,3,278,3/19/2020,0.003538865,0.003538865,3.368403261,3.633548647
280,0.005515726,0.005424096,0.005610979,0.006930694,0.007813976,0.008684864,0.010257255,0.010418629,0.007582028,20200320,2020,3,279,3/20/2020,0.003833479,0.003833479,2.623661005,3.564244412
281,0.010714827,0.008814325,0.004307965,0.003129255,0.002750841,0.00212393,0.002061182,0.002104665,0.004500874,20200321,2020,3,280,3/21/2020,0.003960467,0.003960467,3.257108405,3.519483453
282,0.001921417,0.001625059,0.001360108,0.001054256,0.001144229,0.001488833,0.001860495,0.002089063,0.001567932,20200322,2020,3,281,3/22/2020,0.003957585,0.003957585,4.44992735,3.521082181
283,0.002322846,0.002447564,0.002428696,0.002694606,0.003017093,0.003556939,0.003707358,0.003831899,0.003000875,20200323,2020,3,282,3/23/2020,0.003944746,0.003944746,3.76838001,3.526143296
284,0.003986185,0.003779296,0.003420362,0.003192589,0.003141417,0.003470883,0.003749843,0.003970565,0.003588893,20200324,2020,3,283,3/24/2020,0.003806782,0.003806782,3.546957204,3.565434547
285,0.003804438,0.003454928,0.003183762,0.003224486,0.004173903,0.004421461,0.004247213,0.004110378,0.003827571,20200325,2020,3,284,3/25/2020,0.003774527,0.003774527,3.465198167,3.575652445
286,0.00403946,0.00363293,0.003239984,0.003084872,0.002916936,0.00341,0.003987306,0.004762853,0.003634293,20200326,2020,3,285,3/26/2020,0.003764685,0.003764685,3.531061687,3.579027417
287,0.00498104,0.005159052,0.005654118,0.005772524,0.005921309,0.004333059,0.00355045,0.003465326,0.00485461,20200327,2020,3,286,3/27/2020,0.003637587,0.003637587,3.159906312,3.606607912
288,0.003076516,0.002664537,0.002454053,0.002641746,0.003276689,0.004693795,0.005473582,0.005892843,0.00377172,20200328,2020,3,287,3/28/2020,0.003706825,0.003706825,3.483933904,3.580455621
289,0.005939116,0.005790385,0.005872674,0.006125197,0.006126722,0.006321162,0.006524145,0.00659205,0.006161431,20200329,2020,3,288,3/29/2020,0.003968404,0.003968404,2.861601267,3.500418739
290,0.006553313,0.006411953,0.006251229,0.005640899,0.004882323,0.00504123,0.005786708,0.005920048,0.005810963,20200330,2020,3,289,3/30/2020,0.004261305,0.004261305,2.93311099,3.397653964
291,0.005675451,0.005734544,0.00503506,0.004107516,0.003890552,0.003825586,0.003934152,0.004117938,0.0045401,20200331,2020,3,290,3/31/2020,0.004275595,0.004275595,3.24593996,3.393509718
292,0.004119423,0.004065389,0.003903303,0.003189572,0.002714451,0.002986856,0.003072415,0.003209727,0.003407642,20200401,2020,4,291,4/1/2020,0.004312638,0.004312638,3.612078571,3.379090578
293,0.003345312,0.003682805,0.003648167,0.003547727,0.003388156,0.003521765,0.003946072,0.00416253,0.003655317,20200402,2020,4,292,4/2/2020,0.004278875,0.004278875,3.523756136,3.390187212
294,0.004303227,0.004382205,0.004303233,0.004444811,0.004545563,0.004751992,0.005308531,0.005705687,0.004718156,20200403,2020,4,293,4/3/2020,0.004074313,0.004074313,3.196478203,3.431102726
295,0.005764283,0.005551656,0.005374592,0.005235396,0.005089092,0.005082682,0.005271962,0.005524899,0.00536182,20200404,2020,4,294,4/4/2020,0.004135809,0.004135809,3.033497679,3.415130531
296,0.005615724,0.005682054,0.005909904,0.00616603,0.006130904,0.005885243,0.006131802,0.006799435,0.006040137,20200405,2020,4,295,4/5/2020,0.004455252,0.004455252,2.885707777,3.303400562
297,0.006726357,0.006718926,0.006342359,0.004672957,0.004493676,0.003934025,0.00346145,0.003263163,0.004951614,20200406,2020,4,296,4/6/2020,0.004594591,0.004594591,3.134589329,3.258129799
298,0.003014677,0.002537308,0.002240112,0.002609637,0.002940655,0.003587467,0.004212819,0.005088012,0.003278836,20200407,2020,4,297,4/7/2020,0.004572444,0.004572444,3.660016982,3.266205497
299,0.005893006,0.006877968,0.007583649,0.007939517,0.007977459,0.006999576,0.005945003,0.005879321,0.006886937,20200408,2020,4,298,4/8/2020,0.00479097,0.00479097,2.730507884,3.21372762
300,0.005915139,0.00584532,0.006005231,0.005994729,0.006478434,0.006872103,0.008851176,0.003701944,0.00620801,20200409,2020,4,299,4/9/2020,0.004974807,0.004974807,2.852519498,3.165260321
301,0.003616647,0.003476804,0.003804316,0.004122606,0.003882033,0.002712865,0.002772192,0.003131128,0.003439824,20200410,2020,4,300,4/10/2020,0.004873751,0.004873751,3.600319109,3.196718378
302,0.003446349,0.003515661,0.003268422,0.002919731,0.002562237,0.002080508,0.002141244,0.002484645,0.00280235,20200411,2020,4,301,4/11/2020,0.00480451,0.00480451,3.850079052,3.222871603
303,0.002719437,0.002797458,0.002851839,0.002848485,0.002645259,0.003283671,0.004340659,0.005940888,0.003428462,20200412,2020,4,302,4/12/2020,0.004609298,0.004609298,3.604460943,3.275933008
304,0.005340498,0.006849792,0.007737482,0.008052876,0.008697505,0.009350172,0.009609548,0.011352713,0.008373823,20200413,2020,4,303,4/13/2020,0.004792359,0.004792359,2.520855899,3.246486216
305,0.008000961,0.005467521,0.004201885,0.003510133,0.003304344,0.00313858,0.003268629,0.003723528,0.004326947,20200414,2020,4,304,4/14/2020,0.004777134,0.004777134,3.30784719,3.250908161
306,0.004647724,0.004388516,0.004378669,0.003736467,0.003029981,0.002052133,0.002021173,0.002172976,0.003303455,20200415,2020,4,305,4/15/2020,0.004769692,0.004769692,3.650745426,3.253670079
307,0.002106199,0.002333083,0.002391675,0.003375072,0.002831341,0.001983758,0.00165727,0.001772181,0.002306322,20200416,2020,4,306,4/16/2020,0.004673335,0.004673335,4.07108921,3.292765299
308,0.002125633,0.002449377,0.001815067,0.002056642,0.002133235,0.001978515,0.002097798,0.003255512,0.002238972,20200417,2020,4,307,4/17/2020,0.004496251,0.004496251,4.103067037,3.357521644
309,0.004042601,0.004439914,0.004390216,0.004266399,0.004116983,0.00425557,0.003978957,0.003665309,0.004144494,20200418,2020,4,308,4/18/2020,0.004409299,0.004409299,3.363276036,3.381077241
310,0.003454165,0.002674426,0.002618722,0.002582071,0.002648728,0.003595401,0.00390066,0.004616066,0.00326128,20200419,2020,4,309,4/19/2020,0.004210809,0.004210809,3.666660247,3.43685956
311,0.004931308,0.00507017,0.005594529,0.005163658,0.00387183,0.003660486,0.003378926,0.003356455,0.00437842,20200420,2020,4,310,4/20/2020,0.004169867,0.004169867,3.292621581,3.448147578
312,0.00343431,0.003803782,0.004390545,0.005106604,0.005861101,0.007059304,0.007253356,0.005534041,0.00530538,20200421,2020,4,311,4/21/2020,0.00431462,0.00431462,3.046853491,3.404350186
313,0.003816429,0.002758555,0.002573541,0.002435453,0.002257693,0.001882406,0.001814178,0.001906413,0.002430583,20200422,2020,4,312,4/22/2020,0.003996309,0.003996309,4.01336052,3.495982517
314,0.002051219,0.001928609,0.001857681,0.001966279,0.001989522,0.002517231,0.003939367,0.004199997,0.002556238,20200423,2020,4,313,4/23/2020,0.003735468,0.003735468,3.956620525,3.574846876
315,0.003441704,0.003603465,0.005153983,0.005366151,0.005164568,0.005577922,0.005907888,0.00606769,0.005035421,20200424,2020,4,314,4/24/2020,0.003849439,0.003849439,3.113162027,3.540049942
316,0.006036635,0.005666742,0.004973485,0.004341709,0.003976692,0.004427281,0.005159421,0.005729702,0.005038958,20200425,2020,4,315,4/25/2020,0.004009197,0.004009197,3.112266695,3.487349059
317,0.002805288,0.002572642,0.004821928,0.004971739,0.00456079,0.005284404,0.005694801,0.005806234,0.004564729,20200426,2020,4,316,4/26/2020,0.004090359,0.004090359,3.238978481,3.461243169
318,0.005596243,0.00471214,0.004273084,0.00421315,0.004245154,0.004155293,0.00421599,0.004724172,0.004516903,20200427,2020,4,317,4/27/2020,0.003814865,0.003814865,3.252532471,3.513505781
319,0.00488159,0.004488958,0.004094825,0.00391488,0.003796278,0.003446554,0.003420396,0.003740896,0.003973047,20200428,2020,4,318,4/28/2020,0.003789586,0.003789586,3.417499966,3.521338122
320,0.003890892,0.0043254,0.004824473,0.005249082,0.005186833,0.00509225,0.004897273,0.004635667,0.004762734,20200429,2020,4,319,4/29/2020,0.00389382,0.00389382,3.184405591,3.488028134
321,0.004838589,0.005734785,0.006769459,0.007785871,0.008091565,0.007794768,0.008244443,0.008177948,0.007179678,20200430,2020,4,320,4/30/2020,0.004241917,0.004241917,2.683441726,3.388910457
322,0.008501835,0.00870537,0.008978345,0.009102541,0.008351293,0.008717536,0.00842787,0.00779692,0.008572714,20200501,2020,5,321,5/1/2020,0.004694327,0.004694327,2.497813678,3.274249503
323,0.007519837,0.007052943,0.006291688,0.005045159,0.00462496,0.004800793,0.00519594,0.006044468,0.005821974,20200502,2020,5,322,5/2/2020,0.004814147,0.004814147,2.930776563,3.243356683
324,0.005957615,0.005038645,0.004802268,0.007509913,0.007907347,0.009249123,0.008040201,0.007653576,0.007019836,20200503,2020,5,323,5/3/2020,0.005082615,0.005082615,2.708751926,3.17493466
325,0.00748976,0.007791112,0.008668723,0.006337659,0.005327177,0.00536384,0.005896474,0.004892212,0.00647087,20200504,2020,5,324,5/4/2020,0.005232076,0.005232076,2.803032696,3.139964025
326,0.004393835,0.004260375,0.003983132,0.003720026,0.003240106,0.00257207,0.002631853,0.002896881,0.003462285,20200505,2020,5,325,5/5/2020,0.005100426,0.005100426,3.592162533,3.178914671
327,0.003253453,0.003620227,0.004268334,0.004718209,0.004444189,0.004736409,0.004868057,0.005025271,0.004366769,20200506,2020,5,326,5/6/2020,0.005238725,0.005238725,3.296052487,3.127678383
328,0.005141385,0.005369104,0.005360486,0.00490668,0.004384977,0.002951914,0.002988098,0.003431499,0.004316768,20200507,2020,5,327,5/7/2020,0.005364477,0.005364477,3.310879452,3.081554021
329,0.003937854,0.004801938,0.005559,0.002756037,0.002087403,0.00351306,0.00438282,0.00512582,0.004020491,20200508,2020,5,328,5/8/2020,0.005291983,0.005291983,3.402282359,3.102205473
330,0.005448722,0.004983852,0.003344009,0.002970428,0.002335911,0.001960925,0.001977564,0.002277856,0.003162408,20200509,2020,5,329,5/9/2020,0.005157943,0.005157943,3.704573772,3.144513121
331,0.002590546,0.002546183,0.002870339,0.003120524,0.003403049,0.003344115,0.003249516,0.003550034,0.003084288,20200510,2020,5,330,5/10/2020,0.005052197,0.005052197,3.73513876,3.179953141
332,0.004071929,0.004206305,0.004330365,0.005655396,0.006549865,0.006139641,0.004602341,0.004875614,0.005053932,20200511,2020,5,331,5/11/2020,0.005090557,0.005090557,3.10848416,3.169663976
333,0.005372647,0.003916793,0.003734293,0.003617845,0.003262743,0.002273912,0.002016265,0.002275327,0.003308728,20200512,2020,5,332,5/12/2020,0.005043105,0.005043105,3.648766333,3.186183002
334,0.002455606,0.003308748,0.003230612,0.002510331,0.002398501,0.002036336,0.002528086,0.002885774,0.002669249,20200513,2020,5,333,5/13/2020,0.004893571,0.004893571,3.906956909,3.237793811
335,0.002837113,0.002607571,0.002582755,0.002364823,0.002226953,0.00326394,0.004620867,0.005968735,0.003309095,20200514,2020,5,334,5/14/2020,0.0046171,0.0046171,3.648628876,3.30673575
336,0.006710713,0.008325085,0.009115057,0.009973335,0.010079594,0.01059745,0.010554682,0.010630537,0.009498307,20200515,2020,5,335,5/15/2020,0.004683214,0.004683214,2.403289027,3.299983989
337,0.010995601,0.011155898,0.011443876,0.008454966,0.007589775,0.007049912,0.007160335,0.007394855,0.008905652,20200516,2020,5,336,5/16/2020,0.004903477,0.004903477,2.461500139,3.266464245
338,0.007511899,0.007649953,0.006325155,0.005364124,0.005077379,0.005824543,0.006320509,0.006396631,0.006308774,20200517,2020,5,337,5/17/2020,0.004852687,0.004852687,2.8331987,3.2753533
339,0.005352964,0.004010261,0.003803678,0.003706439,0.004390579,0.005519997,0.006201182,0.006230655,0.004901969,20200518,2020,5,338,5/18/2020,0.004740623,0.004740623,3.147476217,3.299956409
340,0.0051369,0.00459189,0.006257616,0.004684549,0.002985379,0.003795906,0.003930852,0.004289328,0.004459053,20200519,2020,5,339,5/19/2020,0.00481182,0.00481182,3.269126041,3.276882374
341,0.0043624,0.003532882,0.002920183,0.00342224,0.003979316,0.003951923,0.003629043,0.00369253,0.003686315,20200520,2020,5,340,5/20/2020,0.004763216,0.004763216,3.513048321,3.292382076
342,0.003293879,0.001997801,0.002060816,0.002098847,0.003121763,0.004504591,0.004951145,0.005405035,0.003429235,20200521,2020,5,341,5/21/2020,0.004699821,0.004699821,3.604179003,3.313332044
343,0.005346425,0.005299389,0.006991887,0.007773058,0.008235534,0.008729361,0.008966527,0.009723458,0.007633205,20200522,2020,5,342,5/22/2020,0.004957872,0.004957872,2.616441956,3.257200587
344,0.010577638,0.011424809,0.011457766,0.010550335,0.010425489,0.01096123,0.011546552,0.01133403,0.011034731,20200523,2020,5,343,5/23/2020,0.005520181,0.005520181,2.284324703,3.155754225
345,0.006872301,0.005603913,0.004351651,0.003957862,0.004408041,0.005385704,0.005958473,0.007174306,0.005464031,20200524,2020,5,344,5/24/2020,0.005690163,0.005690163,3.009742977,3.10394024
346,0.007583008,0.007320831,0.007968136,0.009006542,0.008837164,0.009417375,0.010057906,0.010442686,0.008829206,20200525,2020,5,345,5/25/2020,0.005959825,0.005959825,2.469596538,3.05830541
347,0.0104491,0.010820849,0.011204095,0.011072639,0.01087555,0.010819026,0.01158077,0.012033638,0.011106958,20200526,2020,5,346,5/26/2020,0.006516841,0.006516841,2.279690942,2.960514311
348,0.01136788,0.010439569,0.01032294,0.010474338,0.010332598,0.010551589,0.010183877,0.010403293,0.010509511,20200527,2020,5,347,5/27/2020,0.00707686,0.00707686,2.320411018,2.847189604
349,0.011005825,0.011625857,0.012150266,0.01239247,0.012736769,0.012450965,0.012638762,0.0126206,0.012202689,20200528,2020,5,348,5/28/2020,0.007712117,0.007712117,2.217980679,2.745000447
350,0.01274323,0.012946037,0.013155428,0.012368278,0.013066677,0.014358046,0.014437764,0.014038668,0.013389266,20200529,2020,5,349,5/29/2020,0.007990043,0.007990043,2.166410934,2.728080584
351,0.013760276,0.013414516,0.013248788,0.013352878,0.011377341,0.008483855,0.007884389,0.008147147,0.011208649,20200530,2020,5,350,5/30/2020,0.008154542,0.008154542,2.273294678,2.714637336
352,0.008453082,0.008909618,0.007548971,0.0064904,0.005009125,0.004095105,0.004381888,0.004907994,0.006224523,20200531,2020,5,351,5/31/2020,0.008148524,0.008148524,2.849322814,2.715789059
353,0.004775232,0.003848815,0.003579118,0.003470202,0.004287113,0.004373859,0.004819766,0.004956808,0.004263864,20200601,2020,6,352,6/1/2020,0.008102945,0.008102945,3.326752064,2.728594476
354,0.005311452,0.005439349,0.005879188,0.005245039,0.005384523,0.006392113,0.006189603,0.006547335,0.005798575,20200602,2020,6,353,6/2/2020,0.008198626,0.008198626,2.935744393,2.704781502
355,0.00744904,0.00823551,0.009189464,0.009850166,0.011540957,0.014132671,0.014508306,0.014661074,0.011195899,20200603,2020,6,354,6/3/2020,0.008735024,0.008735024,2.274088579,2.616284377
356,0.014086207,0.012936912,0.010686466,0.010518865,0.010939269,0.00988683,0.009944502,0.011687268,0.01133579,20200604,2020,6,355,6/4/2020,0.009299778,0.009299778,2.26550298,2.520664661
357,0.012690071,0.012310846,0.012567741,0.01302367,0.012673737,0.012394447,0.012940678,0.014468462,0.012883706,20200605,2020,6,356,6/5/2020,0.009674814,0.009674814,2.186694767,2.489968433
358,0.015224381,0.014073666,0.013327548,0.013818436,0.014305497,0.013503429,0.01314315,0.011904712,0.013662603,20200606,2020,6,357,6/6/2020,0.009862519,0.009862519,2.156378003,2.480829383
359,0.009157857,0.008074484,0.008335602,0.00815946,0.008336306,0.007173312,0.006596277,0.006446954,0.007785031,20200607,2020,6,358,6/7/2020,0.010028305,0.010028305,2.595513238,2.451241545
360,0.006716332,0.006827763,0.006910099,0.006713323,0.006032638,0.005607842,0.005867922,0.006343903,0.006377478,20200608,2020,6,359,6/8/2020,0.009853182,0.009853182,2.82027696,2.476290146
361,0.006657949,0.007052047,0.007280108,0.006849637,0.006790234,0.00808697,0.009182811,0.010544268,0.007805503,20200609,2020,6,360,6/9/2020,0.009617363,0.009617363,2.592746196,2.498651236
362,0.0106851,0.01001758,0.011538721,0.013817232,0.01392226,0.013806515,0.013895091,0.014295388,0.012747236,20200610,2020,6,361,6/10/2020,0.009777201,0.009777201,2.192582006,2.489520592
363,0.014698778,0.013865426,0.013517373,0.013810983,0.014107008,0.015119146,0.014869254,0.014244664,0.014279079,20200611,2020,6,362,6/11/2020,0.009925514,0.009925514,2.135914738,2.483658739
364,0.013337503,0.012450022,0.011527267,0.009312049,0.007531638,0.007448305,0.007784097,0.008772009,0.009770361,20200612,2020,6,363,6/12/2020,0.009667021,0.009667021,2.379085222,2.49884976
365,0.009028365,0.008251318,0.006109573,0.004450434,0.005278429,0.005712635,0.005593315,0.00567482,0.006262361,20200613,2020,6,364,6/13/2020,0.009313715,0.009313715,2.842042985,2.539474639
